Country Name,Country Code,Continent,SP.DYN.LE00.IN,EG.ELC.ACCS.ZS,NY.ADJ.NNTY.KD.ZG,NY.ADJ.NNTY.PC.KD.ZG,SH.HIV.INCD.14,SE.PRM.UNER,SE.PRM.CUAT.ZS,SE.TER.CUAT.BA.ZS,SP.DYN.IMRT.IN,SE.PRM.CMPT.ZS,SE.ADT.LITR.ZS,FR.INR.RINR,SP.POP.GROW,EN.POP.DNST,SP.POP.TOTL,SH.XPD.CHEX.PC.CD,SH.XPD.CHEX.GD.ZS,SL.UEM.TOTL.NE.ZS,NY.GDP.MKTP.KD.ZG,NY.GDP.PCAP.CD,SP.DYN.CBRT.IN,EG.FEC.RNEW.ZS,SH.HIV.INCD,SH.H2O.SMDW.ZS,SI.POV.LMIC,SE.COM.DURS
Afghanistan,AFG,Asia,64.833,97.7,NA,NA,200,NA,NA,NA,46.4,84.33058929,NA,NA,2.313073349,58.26939466,38041757,65.80603027,13.24220181,NA,3.911603419,494.1793499,31.802,NA,1300,26.79895584,NA,9
Albania,ALB,Europe,78.573,100,0.14647682,0.574018221,NA,3359,NA,NA,8.6,103.3227463,NA,4.993848494,-0.426007367,104.1675547,2854191,NA,NA,11.47000027,2.113419982,5395.659532,11.62,NA,100,70.66585365,NA,9
Algeria,DZA,Africa,76.88,99.5,2.938149243,0.966470011,200,12511,NA,NA,20,101.3646317,NA,8.507843738,1.933983344,18.07629545,43053054,248.2058716,6.24337101,NA,1,3989.668276,23.583,NA,1400,73.13974587,NA,10
American Samoa,ASM,Australia/Oceania,NA,NA,NA,NA,NA,NA,NA,NA,NA,NA,NA,NA,-0.269018786,276.56,55312,NA,NA,NA,-0.487804878,11715.36014,NA,NA,NA,98.36197279,NA,NA
Andorra,AND,Europe,NA,100,NA,NA,NA,NA,NA,NA,2.5,NA,NA,NA,0.179041785,164.1404255,77146,2744.194336,6.71158504,NA,2.015547638,40897.33087,7,NA,NA,90.64000336,NA,10
Angola,AGO,Africa,61.147,45.67031479,1.122570483,-2.104144961,6200,NA,NA,NA,49.9,NA,NA,-6.866471588,3.242914028,25.52763215,31825299,71.32600403,2.53335953,NA,-0.624644318,2809.626088,40.232,NA,16000,NA,NA,6
Antigua and Barbuda,ATG,North America,77.016,100,NA,NA,NA,NA,NA,NA,5.6,NA,NA,8.385803171,0.861445784,220.7159091,97115,760.2649536,4.44295979,NA,4.862236166,17376.64968,15.107,NA,NA,NA,NA,11
Argentina,ARG,South America,76.667,100,-4.698899588,-5.640931522,100,18518,NA,NA,8.1,98.54724121,NA,10.82196248,0.993397493,16.42082662,44938712,945.9919434,9.5100708,9.840000153,-2.025934237,10056.63794,16.833,NA,5300,NA,4.9,14
Armenia,ARM,Asia,75.087,100,6.360384627,6.145091124,100,14928,NA,NA,10.2,93.13851929,NA,10.95957856,0.202624028,103.889287,2957728,523.9990845,11.33526421,18.29999924,7.599999999,4604.646324,13.646,NA,500,86.42296899,9.8,12
Aruba,ABW,North America,76.293,100,NA,NA,NA,NA,NA,NA,NA,NA,NA,NA,0.437414676,590.6111111,106310,NA,NA,NA,NA,NA,11.756,NA,NA,NA,NA,13
Australia,AUS,Australia/Oceania,82.9,100,NA,NA,NA,15542,NA,33.09477997,3.2,NA,NA,1.626603976,1.521653677,3.297670183,25365745,5427.462402,9.91078568,5.159999847,2.113149425,54875.28596,12.1,NA,1000,NA,NA,10
Austria,AUT,Europe,81.79268293,100,2.558767895,2.103728559,NA,187,NA,15.36363029,2.9,99.40850067,NA,NA,0.444673639,107.6093068,8879920,5242.183105,10.43403149,4.489999771,1.49121085,50114.40111,9.6,NA,NA,98.9026198,NA,13
Azerbaijan,AZE,Asia,73.005,100,NA,NA,100,55687,98.51100159,15.72202969,18.2,100.3833389,99.79598236,17.56490854,0.846646726,121.2800711,10024283,193.1088409,4.03829002,4.849999905,2.5,4805.753718,14.1,NA,500,87.74410931,NA,10
"Bahamas, The",BHS,North America,73.918,100,6.626098638,5.571844812,NA,NA,NA,NA,14.5,NA,NA,2.377772298,0.99365949,38.90969031,389486,2004.616333,5.74977493,NA,0.702459097,33799.41769,13.882,NA,100,NA,NA,12
Bahrain,BHR,Asia,77.292,100,0.076808284,-4.296861257,NA,2770,NA,NA,5.9,100.241188,NA,NA,4.468687834,2104.05641,1641164,940.3956909,4.01147509,NA,2.141376784,23551.93009,13.622,NA,NA,98.98326213,NA,9
Bangladesh,BGD,Asia,72.591,92.2,7.498908085,6.398206831,NA,NA,61.0552597,9.760549545,25.5,NA,74.6844635,4.879314996,1.029196649,1252.563363,163046173,45.85716248,2.48357606,NA,8.152684149,1855.740094,17.868,NA,NA,58.04326337,NA,5
Barbados,BRB,North America,79.19,100,NA,NA,NA,212,NA,NA,11.7,90.09367371,NA,5.407557599,0.132831082,667.4906977,287021,1143.322021,6.29990387,8.409999847,-0.096135553,18148.49785,10.621,NA,NA,NA,NA,11
Belarus,BLR,Europe,74.22682927,100,0.519450449,0.722490016,NA,NA,99.78855133,28.30353928,2.4,NA,99.87400055,0.365104131,-0.201786601,46.40732092,9419758,399.3970947,5.86133957,4.159999847,1.4,6837.717826,9.3,NA,1200,94.58659114,0,9
Belgium,BEL,Europe,81.74634146,100,2.451016187,1.898801662,NA,7160,96.74236298,35.30400848,3.4,NA,NA,NA,0.540461327,379.4247028,11488980,4960.393555,10.65604973,5.360000134,2.149559681,46591.49161,10.1,NA,NA,99.91381172,NA,12
Belize,BLZ,North America,74.623,92.72,0.936786211,-0.945672918,NA,221,NA,NA,10.6,102.8469315,NA,7.259708173,1.882598378,17.11315213,390351,293.4125977,5.96689224,9.050000191,1.762797913,5078.809944,20.51,NA,200,NA,NA,8
Benin,BEN,Africa,61.771,40.31874084,8.273153845,5.372854009,810,120970,NA,NA,57.9,64.43959808,NA,NA,2.71521855,104.6572455,11801151,29.12529182,2.38842916,NA,6.865687336,1219.515506,35.831,NA,1700,NA,NA,6
Bermuda,BMU,North America,81.86658537,100,NA,NA,NA,NA,NA,NA,NA,NA,NA,NA,-0.009387321,1183.574074,63913,NA,NA,NA,0.459889943,117098.4463,8.3,NA,NA,NA,NA,13
Bhutan,BTN,Asia,71.777,100,5.65225706,4.447997386,NA,NA,NA,NA,23.9,76.99398041,NA,12.98421102,1.146379252,20.00770844,763094,115.9807587,3.60761595,NA,5.755169995,3322.863329,17.012,NA,100,36.48847773,NA,NA
Bolivia,BOL,South America,71.513,96.30310059,3.33410878,1.898394,100,74910,97.61760712,24.70529938,21.5,91.60414886,NA,9.155986432,1.399133355,10.62780578,11513102,245.9234772,6.9233799,3.819999933,2.216705778,3552.068143,21.455,NA,1000,NA,7.8,14
Bosnia and Herzegovina,BIH,Europe,77.401,100,3.736407888,4.457032247,NA,NA,NA,NA,5.1,NA,NA,0.639203616,-0.692266996,64.47261719,3300998,553.822937,9.04909897,15.68999958,2.831002603,6119.762345,7.938,NA,NA,88.8597832,NA,9
Botswana,BWA,Africa,69.592,70.18318176,2.293563164,0.089527618,500,NA,NA,NA,36.9,NA,NA,5.923783109,2.178168817,4.064903923,2303703,481.5330505,6.04836559,22.61000061,2.992737635,7203.064221,24.234,NA,8400,NA,NA,NA
Brazil,BRA,South America,75.881,99.8,1.188818739,0.431183891,NA,80305,NA,NA,13.3,NA,NA,31.83192759,0.751550842,25.25077577,211049519,853.3879395,9.5912714,12.05000019,1.411152985,8897.552966,13.703,NA,NA,85.06008273,9.1,14
British Virgin Islands,VGB,North America,NA,100,NA,NA,NA,NA,NA,NA,NA,81.84143066,NA,NA,0.795618291,200.22,30033,NA,NA,NA,NA,NA,NA,NA,NA,NA,NA,12
Brunei Darussalam,BRN,Asia,75.86,100,5.543109403,4.486937819,NA,225,NA,NA,9.6,100.0980072,NA,9.140679846,1.005742274,82.21935484,433296,671.5626831,2.16031361,6.920000076,3.869109865,31085.96193,14.459,NA,NA,NA,NA,9
Bulgaria,BGR,Europe,74.91463415,100,7.659126449,8.419618547,NA,43662,NA,NA,5.5,84.97651672,NA,-0.653393683,-0.703905641,64.25719418,6975761,697.8963623,7.12611389,4.230000019,4.037592082,9879.268533,8.8,NA,NA,97.54309929,NA,11
Burkina Faso,BFA,Africa,61.577,18.3791523,10.78262622,7.675706675,1100,748275,NA,NA,54.1,64.54945374,NA,NA,2.844596498,74.27406067,20321383,42.3445282,5.46494246,NA,5.688115149,796.1152068,37.453,NA,1000,NA,NA,10
Burundi,BDI,Africa,61.584,11.0647974,6.270332474,2.996688011,920,140973,NA,NA,39.9,59.37641907,NA,13.59926674,3.128932148,449.0100078,11530577,20.56754112,7.99091434,NA,1.842476677,228.2135892,38.377,NA,1000,NA,NA,NA
Cabo Verde,CPV,Africa,72.981,95.53353882,5.856782725,4.668738911,NA,4792,NA,NA,12.8,99.99017334,NA,8.529832858,1.128657862,136.4605459,549936,177.8902741,4.93621731,11.28999996,5.66775246,3603.775241,19.061,NA,NA,NA,NA,10
Cambodia,KHM,Asia,69.823,93,9.83288816,8.255686175,200,190043,NA,NA,22.9,91.02736664,NA,NA,1.446411842,93.39758668,16486542,113.3104401,6.98908329,1.220000029,7.054106932,1643.121389,22.02,NA,1000,27.19867199,NA,NA
Cameroon,CMR,Africa,59.292,63.45231247,6.821525406,4.096428341,4900,346513,NA,NA,49.9,65.49803925,NA,NA,2.584178982,54.7405111,25876387,53.99584961,3.59539533,NA,3.475059979,1533.095688,34.891,NA,11000,NA,NA,6
Canada,CAN,North America,82.04878049,100,2.354527963,0.916395238,NA,6652,NA,NA,4.4,NA,NA,NA,1.4150147,4.193074187,37593384,5048.372559,10.84447765,5.659999847,1.879592028,46338.34096,9.9,NA,NA,99.03861451,NA,10
Cayman Islands,CYM,North America,NA,100,NA,NA,NA,NA,NA,NA,NA,NA,NA,NA,1.201997124,270.6166667,64948,NA,NA,NA,3.817100404,91392.64259,9.8,NA,NA,NA,NA,12
Central African Republic,CAF,Africa,53.283,14.3,7.250522404,5.469394618,NA,NA,NA,NA,79.1,NA,NA,NA,1.674661628,7.616904234,4745179,37.19958115,7.75300884,NA,3,467.9080323,35.09,NA,NA,6.283710956,NA,10
Chad,TCD,Africa,54.239,8.4,5.046010902,1.955572204,1100,723879,NA,NA,69,NA,NA,NA,2.986130147,12.66429638,15946882,29.85083008,4.3536315,NA,3.247181917,709.5400432,41.665,NA,2700,5.58120967,NA,10
Channel Islands,CHI,Europe,83.086,100,NA,NA,NA,NA,NA,NA,NA,NA,NA,NA,1.031634777,870.020202,172264,NA,NA,NA,NA,NA,9.811,NA,NA,NA,NA,NA
Chile,CHL,South America,80.181,100,4.404174384,3.176419479,NA,7009,NA,NA,6,98.24701691,NA,NA,1.182932566,25.48919885,18952035,1375.802979,9.33272362,7.289999962,0.942005307,14741.7144,12.187,NA,4500,98.77136217,NA,12
China,CHN,Asia,76.912,100,5.081705512,4.709598133,NA,NA,NA,NA,5.9,NA,NA,3.023620261,0.35474089,149.3675732,1407745000,535.1333618,5.3502779,5.150000095,5.949714233,10143.83817,10.5,NA,NA,NA,NA,9
Colombia,COL,South America,77.287,99.7662735,2.926321559,1.539260552,200,35080,79.91538239,12.06795979,11.7,106.7657318,95.24926758,7.459179137,1.356788043,45.37128707,50339443,495.3297119,7.70943594,9.960000038,3.281116805,6424.979492,14.655,NA,8600,72.95185947,12.7,12
Comoros,COM,Africa,64.321,84.04824066,NA,NA,NA,NA,NA,NA,48.7,NA,NA,6.249821596,2.206465058,457.222461,850891,72.32379913,5.17030334,NA,1.75532828,1401.542312,31.407,NA,100,NA,NA,6
"Congo, Dem. Rep.",COD,Africa,60.681,19.1,19.93404581,16.17191395,8700,NA,NA,NA,65.5,NA,NA,21.85419754,3.187086265,38.28348206,86790568,20.57073212,3.53626084,NA,4.384528881,580.7168706,40.639,NA,12000,18.42751354,NA,6
"Congo, Rep.",COG,Africa,64.57,48.32972336,-30.79202146,-32.54316659,2100,NA,NA,NA,35.9,NA,NA,NA,2.562826461,15.7555022,5380504,48.55877304,2.08331084,NA,-0.086885957,2369.729494,32.397,NA,7100,45.7164676,NA,10
Costa Rica,CRI,North America,80.279,99.71,1.304720561,0.338990668,100,555,NA,NA,7.2,102.7380524,NA,6.427500485,0.957865009,98.85548374,5047561,921.5857544,7.27393246,11.48999977,2.256315079,12693.82796,13.689,NA,1400,80.52068236,3.2,13
Cote d'Ivoire,CIV,Africa,57.783,68.55010986,5.862637306,3.197900449,1100,199358,NA,NA,59.4,78.75084686,89.89341736,NA,2.549387092,80.86966667,25716554,75.08779144,3.29862952,NA,6.231709513,2276.332394,35.464,NA,5200,35.13922044,NA,10
Croatia,HRV,Europe,78.42439024,100,3.161231944,3.734483407,NA,3739,NA,NA,3.9,94.53153992,NA,NA,-0.554146739,71.83694999,4065253,1040.085693,6.97861767,6.619999886,3.481945603,15311.7669,8.9,NA,100,NA,NA,8
Cuba,CUB,North America,78.802,99.8,NA,NA,100,5703,NA,NA,4.2,86.53215027,NA,NA,-0.041126289,109.1857803,11333484,1031.921753,11.34020519,NA,-0.164839982,9125.878679,9.962,NA,1800,NA,NA,9
Curacao,CUW,North America,NA,100,NA,NA,NA,NA,NA,NA,NA,NA,NA,NA,-1.196439518,354.5968468,157441,NA,NA,NA,-3.399999927,19701.27038,10.1,NA,NA,NA,NA,14
Cyprus,CYP,Asia,80.982,100,3.478797,2.084455784,NA,295,NA,NA,2.3,102.5455017,NA,NA,0.779957016,129.7158009,1198574,1996.458252,7.00903225,7.070000172,5.283187396,29206.07672,10.24,NA,NA,99.76519248,NA,10
Czech Republic,CZE,Europe,79.12926829,100,1.78987545,1.389826446,NA,5000,99.86148071,20.91090012,2.4,101.4376526,NA,-0.196111565,0.393788864,138.236658,10671870,1844.217773,7.83470726,2.00999999,3.029478257,23660.14881,10.5,NA,NA,97.88204972,NA,9
Denmark,DNK,Europe,81.20243902,100,3.989327963,3.617576106,NA,3152,NA,NA,3.2,101.8970795,NA,NA,0.358130916,145.36055,5814422,6003.325195,9.95583057,5.019999981,2.114664208,59775.7351,10.5,NA,200,96.73206603,NA,10
Djibouti,DJI,Africa,67.112,61.27593613,NA,NA,100,30090,NA,NA,48.6,65.57845306,NA,NA,1.514559503,41.99987058,973557,61.80943298,1.79826784,NA,7.770497257,3414.916178,20.998,NA,100,NA,NA,10
Dominica,DMA,North America,NA,100,NA,NA,NA,228,NA,NA,31.2,NA,NA,4.159198731,0.253775392,95.744,71808,440.1698608,5.46006632,NA,7.571391597,8516.280039,NA,NA,NA,NA,NA,12
Dominican Republic,DOM,North America,74.081,100,6.157405745,5.052134578,200,45804,NA,NA,28.3,93.30409241,NA,NA,1.046620579,222.2926309,10738957,491.0593567,5.929142,6.179999828,5.05216802,8282.117131,19.193,NA,3100,NA,2.7,15
Ecuador,ECU,South America,77.01,100,-0.961233126,-2.610380291,100,27680,NA,NA,11.6,101.4974976,NA,NA,1.679172693,69.95352311,17373657,486.492157,7.81824684,3.809999943,0.012105103,6222.524653,19.46,NA,2000,66.60985564,9.8,15
"Egypt, Arab Rep.",EGY,Africa,71.99,100,5.046602541,2.990966776,100,90674,NA,NA,17.2,104.6092987,NA,2.195073699,1.976280224,100.8469295,100388076,149.8403168,4.73997355,7.849999905,5.557683888,3019.092283,25.708,NA,2700,NA,NA,12
El Salvador,SLV,North America,73.317,100,5.919109952,5.380614706,100,109486,61.54618073,8.33701992,11.5,NA,89.13791656,NA,0.509699114,311.4647683,6453550,300.0532837,7.16578436,4.170000076,2.382581398,4167.730939,18.054,NA,1000,NA,5.7,15
Equatorial Guinea,GNQ,Africa,58.735,66.59217834,-14.37866468,-17.34741552,NA,NA,NA,NA,60,NA,NA,NA,3.528840253,48.34160428,1355982,254.891098,3.13503671,NA,-5.978936905,8419.933336,32.783,NA,NA,NA,NA,6
Eritrea,ERI,Africa,66.321,50.38573074,NA,NA,100,NA,NA,NA,30.5,NA,NA,NA,NA,34.62492079,NA,25.2679348,4.45876694,NA,NA,NA,29.738,NA,200,NA,NA,8
Estonia,EST,Europe,78.49756098,100,4.04224756,3.656391299,NA,2281,NA,NA,1.8,97.43179321,NA,NA,0.371554389,30.52445365,1326898,1598.818848,6.7304492,4.449999809,4.096342644,23397.12001,10.6,NA,200,95.7942355,NA,9
Eswatini,SWZ,Africa,60.194,77.16963959,-3.28117031,-4.280173563,500,31402,NA,NA,37.7,88.59642792,NA,7.45021829,1.038265645,66.7519186,1148133,264.0551453,6.78069067,NA,2.61303529,3915.643467,25.881,NA,4900,NA,NA,7
Ethiopia,ETH,Africa,66.597,48.2716217,27.66215549,24.41097419,3300,NA,NA,NA,36.6,67.74021149,NA,NA,2.579697088,99.24615983,112078727,26.74220467,3.23808599,NA,8.364085699,855.7608852,31.896,NA,9000,12.02134693,NA,8
Faroe Islands,FRO,Europe,82.74634146,100,NA,NA,NA,NA,NA,NA,NA,NA,NA,NA,0.370469891,34.86891117,48677,NA,NA,NA,NA,64225.2649,13.2,NA,NA,NA,NA,9
Fiji,FJI,Australia/Oceania,67.444,100,NA,NA,NA,NA,NA,NA,22.6,108.8697662,NA,3.567570151,0.729092657,48.71127531,889955,235.6750183,3.81607008,NA,-0.445563044,6175.890653,20.954,NA,200,NA,NA,NA
Finland,FIN,Europe,81.78536585,100,1.104700937,0.993353317,NA,6961,NA,25.93508911,1.9,100.9760818,NA,NA,0.11019169,18.16795867,5521606,4450.302734,9.15348339,6.690000057,1.220754143,48628.64176,8.3,NA,NA,99.6361511,NA,10
France,FRA,Europe,82.57804878,100,1.145566719,0.924477779,NA,226,97.67228699,19.70054054,3.4,NA,NA,NA,0.218824149,122.8163022,67248926,4491.735352,11.05747223,8.409999847,1.842971814,40578.64429,11.2,NA,NA,99.24883091,NA,10
French Polynesia,PYF,Australia/Oceania,77.657,100,NA,NA,NA,NA,NA,NA,NA,NA,NA,NA,0.578860345,79.34232955,279285,NA,NA,NA,2.970024911,NA,14.427,NA,NA,84.64958597,NA,NA
Gabon,GAB,Africa,66.467,90.68525696,6.752018976,4.132917214,500,NA,NA,NA,31.5,78.42915344,NA,NA,2.484043179,8.431629604,2172578,215.0191498,2.76836205,NA,3.920808795,7766.996554,30.968,NA,1000,NA,NA,10
"Gambia, The",GMB,Africa,62.05,59.92128754,7.334499941,4.243707294,500,54332,NA,NA,35.6,78.94251251,NA,20.4621692,2.921862866,231.9857708,2347696,29.72580338,3.82171082,NA,6.15363195,772.0459142,38.073,NA,1600,43.98032009,NA,9
Georgia,GEO,Asia,73.767,100,9.055354493,9.242616712,100,1998,99.18689728,33.66769028,8.4,92.82787323,99.55844116,5.346402405,-0.17156574,65.08556982,3720161,291.1220398,6.65744257,11.56999969,4.982350475,4697.983652,13.2,NA,1000,66.12228848,14.9,9
Germany,DEU,Europe,80.94146341,100,0.746613813,0.519666178,NA,28845,NA,NA,3.2,99.01779938,NA,NA,0.225519874,237.8297613,83092962,5440.251465,11.69724941,3.140000105,1.055508247,46794.89929,9.4,NA,2300,99.9930255,NA,13
Ghana,GHA,Africa,64.074,83.5,8.851022566,6.522298336,4000,35432,NA,NA,34,NA,NA,NA,2.162584462,133.6813659,30417858,75.28166199,3.41858864,NA,6.507774794,2246.625578,28.992,NA,16000,39.69790044,NA,11
Gibraltar,GIB,Europe,NA,100,NA,NA,NA,NA,NA,NA,NA,100.218338,NA,NA,-0.026697913,3370.6,33706,NA,NA,NA,NA,NA,NA,NA,NA,100,NA,10
Greece,GRC,Europe,81.93902439,100,2.819564072,2.927930643,NA,5679,NA,NA,3.7,96.35045624,NA,NA,-0.105339393,83.17751746,10721582,1500.594971,7.83788586,17.30999947,1.803595256,19133.75776,7.8,NA,1000,100,NA,10
Greenland,GRL,North America,NA,100,NA,NA,NA,NA,100,10.44040966,NA,NA,NA,NA,0.359917714,0.136983798,56225,NA,NA,NA,1.67877331,53041.30331,15.1,NA,NA,96.74242638,NA,10
Grenada,GRD,North America,72.397,95.42874146,NA,NA,NA,NA,NA,NA,14.7,NA,NA,4.236629442,0.494964112,329.4176471,112002,534.2744141,4.96524,NA,0.7355827,10827.43529,16.198,NA,NA,NA,NA,12
Guam,GUM,Australia/Oceania,80.074,100,NA,NA,NA,NA,NA,NA,NA,NA,NA,NA,0.915743568,309.8055556,167295,NA,NA,NA,2.538991658,38040.58699,16.46,NA,NA,99.43870743,NA,0
Guatemala,GTM,North America,74.302,95.72457123,5.717601267,4.080801972,500,248887,50.80500031,4.322020054,20.7,79.13033295,NA,8.738593656,1.560386048,154.946118,16604026,271.0212708,6.21161032,2.190000057,3.866856575,4638.634943,24.21,NA,500,55.56753171,NA,16
Guinea,GIN,Africa,61.602,42.41838837,9.692440078,6.626556354,1300,NA,NA,NA,63.4,NA,NA,NA,2.834784817,51.97479245,12771246,43.03782272,3.98389959,5.019999981,5.646175568,1058.143368,35.965,NA,4500,NA,NA,6
Guinea-Bissau,GNB,Africa,58.322,31.0404129,1.473684859,-0.988677061,500,NA,NA,NA,53,NA,NA,NA,2.456528568,68.31141536,1920917,62.57557678,8.34976101,NA,4.499999992,749.453747,34.559,NA,1200,23.99068558,NA,9
Guyana,GUY,South America,69.906,92.02169037,NA,NA,100,NA,NA,NA,24.5,NA,NA,7.301542806,0.482526666,3.976504953,782775,325.8851624,4.93048668,13.52000046,5.352627426,6609.51128,19.723,NA,500,NA,NA,6
Haiti,HTI,North America,64.001,45.37134552,-0.97553443,-2.205493541,860,NA,NA,NA,47.8,NA,NA,-2.916995504,1.249854229,408.6748549,11263079,56.99440002,4.72808981,NA,-1.684595081,1312.770636,23.959,NA,4500,NA,NA,6
Honduras,HND,North America,75.27,92.77952576,2.951725821,1.276461359,100,151457,67.82389832,9.634989738,14.4,79.45810699,88.50743103,12.68883956,1.640617842,87.10443293,9746115,187.5543366,7.2839179,5.699999809,2.653066255,2556.456891,21.337,NA,1000,NA,29,12
"Hong Kong SAR, China",HKG,Asia,85.07804878,100,NA,NA,NA,NA,95.71556091,NA,NA,106.7327499,NA,2.995695325,0.75409492,7149.904762,7507400,NA,NA,2.930000067,-1.67975617,48354.47337,7,NA,NA,100,NA,9
Hungary,HUN,Europe,76.02195122,100,5.494864023,5.542617277,NA,20865,NA,NA,3.4,95.60597229,NA,-2.837863408,-0.04525571,107.0692636,9771141,1062.394165,6.35002232,3.420000076,4.554063072,16735.65978,9.5,NA,NA,92.57364823,NA,13
Iceland,ISL,Europe,82.56097561,100,8.958044201,6.588280852,NA,67,NA,36.14287949,1.6,100.9760437,NA,2.256986279,2.198932258,3.575949618,360563,6274.959473,8.63868046,3.50999999,2.434823,68941.46223,12.3,NA,100,99.99999775,NA,10
India,IND,Asia,69.656,97.81528473,3.307535488,2.266045681,NA,NA,NA,NA,28.3,91.66149139,NA,5.697090258,1.013261249,459.5796959,1366417756,63.74832153,3.0141468,5.269999981,4.041554187,2100.751461,17.644,NA,NA,NA,NA,8
Indonesia,IDN,Asia,71.716,98.85,4.161584601,3.024222153,3300,NA,NA,NA,20.2,NA,NA,8.629073729,1.097926437,144.1399885,270625567,120.1249619,2.90493584,3.589999914,5.018159715,4135.201531,17.746,NA,26000,NA,19.9,9
"Iran, Islamic Rep.",IRN,Asia,76.677,100,NA,NA,100,NA,NA,NA,11.5,NA,NA,NA,1.352289806,50.90614517,82913893,470.4346008,6.71061659,10.73999977,-6.78422367,3114.622753,18.42,NA,2100,93.84218326,NA,9
Iraq,IRQ,Asia,70.604,100,7.471735938,5.076273501,NA,NA,NA,NA,22,NA,NA,NA,2.254139075,90.54884504,39309789,253.3146362,4.47671509,NA,5.957327503,5980.626918,28.556,NA,NA,59.35663,NA,6
Ireland,IRL,Europe,82.30243902,100,6.022734439,4.582609163,NA,773,NA,NA,2.7,100.6323166,NA,NA,1.367626954,71.62636087,4934340,5428.588867,6.67931509,4.949999809,4.917006978,80886.61574,12.1,NA,500,97.33152113,NA,10
Isle of Man,IMN,Europe,NA,100,NA,NA,NA,NA,NA,NA,NA,NA,NA,NA,0.611876546,148.4017544,84589,NA,NA,NA,0.25486132,86481.55259,NA,NA,NA,97.20756495,NA,NA
Israel,ISR,Asia,82.80487805,100,4.890155538,2.906811753,NA,4572,NA,NA,3,101.9708328,NA,1.618107035,1.90898264,418.3918669,9054000,3456.386963,7.46131897,3.799999952,3.77358981,43951.24773,20.1,NA,NA,99.3622324,NA,15
Italy,ITA,Europe,83.19756098,100,-0.023236864,1.136195077,NA,98239,NA,NA,2.6,97.63696289,NA,1.672123582,-1.153028424,200.6149229,59729081,2905.5,8.66856861,9.949999809,0.410278294,33641.63375,7,NA,2400,95.82368779,NA,12
Jamaica,JAM,North America,74.475,99.3837738,6.355273664,5.871020253,100,NA,NA,NA,11.8,76.91970062,NA,9.513194465,0.456356507,272.23241,2948277,327.4035339,6.09748316,4.989999771,0.892291654,5369.498371,15.907,NA,1500,NA,NA,6
Japan,JPN,Asia,84.35634146,100,0.170016054,0.379589787,NA,NA,NA,NA,1.8,NA,NA,NA,-0.208999473,346.4058464,126264931,4360.473633,10.74372482,2.400000095,0.270304645,40777.6087,7,NA,1000,98.56544671,NA,9
Jordan,JOR,Asia,74.526,100,3.653305881,2.253964801,NA,261790,NA,NA,13.3,81.67272186,NA,6.879444474,1.35921633,113.783476,10101697,334.04422,7.58246946,16.80999947,1.955466358,4405.487109,21.477,NA,100,83.53671981,NA,10
Kazakhstan,KAZ,Asia,73.18,100,8.372599065,6.983989883,100,12924,NA,NA,9,106.3773499,NA,NA,1.28960849,6.85767789,18513673,272.9652405,2.78745675,4.800000191,4.5,9812.595808,21.73,NA,2900,89.32126195,NA,9
Kenya,KEN,Africa,66.699,69.7,3.931875827,1.596408041,5500,NA,NA,NA,32,NA,NA,7.506384668,2.272746379,92.37440173,52573967,83.41162872,4.59182692,5.010000229,4.981132628,1912.647867,28.298,NA,28000,NA,NA,12
Kiribati,KIR,Australia/Oceania,68.369,100,NA,NA,NA,NA,NA,NA,40.3,NA,NA,NA,1.512986668,145.1950617,117608,172.3057404,10.26414394,8.600000381,3.926445438,1601.861869,27.453,NA,NA,14.4154879,NA,9
"Korea, Dem. People's Rep.",PRK,Asia,72.274,49.37275696,NA,NA,NA,NA,NA,NA,13.1,NA,NA,NA,0.455141902,213.1563658,25666158,NA,NA,NA,NA,NA,13.848,NA,NA,66.31141046,NA,12
"Korea, Rep.",KOR,Asia,83.22682927,100,-1.13755725,-1.333459724,NA,271,NA,NA,2.7,105.2397308,NA,4.321429493,0.198353208,530.2409557,51709098,2624.533203,8.1641655,3.75,2.24397786,31936.79635,5.9,NA,NA,99.09976941,NA,9
Kosovo,XKX,Europe,72.49512195,100,NA,NA,NA,NA,NA,NA,NA,NA,NA,NA,-0.457730006,NA,1788878,NA,NA,26,4.756830619,4416.108358,15.6,NA,NA,NA,NA,NA
Kuwait,KWT,Asia,75.489,100,NA,NA,NA,NA,NA,NA,7.5,84.59255981,NA,6.23091103,1.672132226,236.0873737,4207077,1758.674194,5.49601221,NA,0.42746394,32373.25112,13.251,NA,NA,100,NA,9
Kyrgyz Republic,KGZ,Asia,71.6,99.88175201,1.63337775,-0.466602516,100,2574,NA,NA,16.4,108.6153717,NA,14.4756656,2.08787614,33.66110532,6456200,62.14477539,4.49454117,5.329999924,4.600625666,1374.032105,26.9,NA,1000,69.26229009,9.7,10
Lao PDR,LAO,Asia,67.923,100,NA,NA,100,64860,NA,NA,36.5,92.16832733,NA,NA,1.517256974,31.06350087,7169456,68.22131348,2.59852362,NA,5.457735092,2635.800015,23.117,NA,1000,17.58769484,NA,9
Latvia,LVA,Europe,75.23902439,100,3.078702288,3.797842748,NA,1421,100,30.93531036,3.5,98.30753326,NA,NA,-0.69523914,30.8233532,1913822,1166.797852,6.57814217,6.309999943,2.484326355,17926.84159,9.8,NA,NA,96.03219766,NA,11
Lebanon,LBN,Asia,78.93,100,-9.015604628,-8.966513968,NA,NA,NA,NA,6.2,NA,NA,5.898543249,-0.053940482,670.1572825,6855709,663.0510864,8.64661503,11.35000038,-7.15724707,7578.172368,17.377,NA,200,47.7,NA,10
Lesotho,LSO,Africa,54.331,44.64067841,3.025604368,2.204411671,600,NA,NA,NA,71.4,NA,NA,7.937255964,0.800269955,70.00220685,2125267,124.193634,11.26946354,22.44000053,-0.381431982,1113.37214,26.415,NA,7400,27.86700753,NA,7
Liberia,LBR,Africa,64.104,27.64920998,NA,NA,500,NA,NA,NA,59.5,NA,NA,NA,2.427215355,51.26011213,4937374,52.56287003,8.47005749,NA,-2.467297635,672.3404992,32.687,NA,1100,NA,NA,6
Libya,LBY,Africa,72.913,68.53218842,NA,NA,100,NA,NA,NA,9.9,NA,NA,NA,1.469822354,3.851832297,6777453,NA,NA,NA,2.535953478,7685.948132,18.3,NA,500,NA,NA,9
Liechtenstein,LIE,Europe,83.04146341,100,NA,NA,NA,2,NA,NA,NA,94.45909882,NA,NA,0.268640368,237.625,38020,NA,NA,NA,NA,175813.8756,9.2,NA,NA,100,NA,9
Lithuania,LTU,Europe,76.13414634,100,5.090053773,5.368600222,NA,116,NA,NA,2.9,104.2602692,NA,NA,-0.264704355,44.61339614,2794137,1369.979492,7.00600433,6.260000229,4.573771737,19575.76848,9.8,NA,NA,94.89748941,NA,11
Luxembourg,LUX,Europe,82.44634146,100,5.785894271,3.729726923,NA,232,NA,NA,2.3,82.21827698,NA,NA,1.96284492,255.1444444,620001,6220.741211,5.37075996,5.590000153,3.283806756,113218.7133,10,NA,NA,99.45171622,NA,12
"Macao SAR, China",MAC,Asia,84.244,100,NA,NA,NA,373,NA,NA,NA,103.8342209,NA,2.88370205,1.385627937,19466.44377,640446,NA,NA,1.75,-2.511980044,86197.36569,10.894,NA,NA,99.97791667,NA,10
Madagascar,MDG,Africa,67.041,26.9071846,0.695212445,-1.944485081,520,80511,NA,NA,37.2,63.27682114,NA,39.87708944,2.65644588,46.35494328,26969306,19.84997559,3.68728375,NA,4.41123213,522.9895243,32.408,NA,5000,19.85205013,NA,5
Malawi,MWI,Africa,64.263,11.2,NA,NA,2700,NA,NA,NA,30.1,80.34858704,NA,16.65852852,2.640937098,197.589616,18628749,30.40028763,7.39341164,NA,5.448181336,591.8463896,33.73,NA,18000,NA,NA,8
Malaysia,MYS,Asia,76.156,100,7.187374191,5.77243783,100,41336,94.37373352,12.38611031,7.3,100.6573563,94.97113037,4.798980865,1.328849015,97.24483032,31949789,436.61203,3.82514191,3.25999999,4.439471288,11432.823,16.608,NA,5200,93.77186265,NA,6
Maldives,MDV,Asia,78.921,100,5.478794034,2.448665331,NA,1009,NA,NA,6,91.66667175,NA,12.74258072,2.91480812,1769.856667,530957,854.3706055,8.04001141,5.340000153,6.883688846,10561.61351,13.584,NA,NA,NA,NA,7
Mali,MLI,Africa,59.306,48.02124786,9.822639781,6.580881261,2100,NA,NA,NA,60.3,NA,NA,NA,2.996255353,16.11062457,19658023,34.28177643,3.89389849,NA,4.756160808,879.0431873,41.035,NA,3000,NA,NA,9
Malta,MLT,Europe,82.6,100,NA,NA,NA,NA,NA,NA,5.7,108.3026276,NA,NA,3.931356319,1575.19375,504062,2531.910889,8.21444321,3.619999886,5.539566337,30186.19596,8.6,NA,NA,99.9999987,NA,11
Marshall Islands,MHL,Australia/Oceania,NA,97.44360352,NA,NA,NA,2351,NA,NA,26.3,77.29624939,NA,NA,0.646743379,326.6166667,58791,664.3184815,16.34140015,6.429999828,6.644663737,4073.10983,NA,NA,NA,NA,NA,13
Mauritania,MRT,Africa,64.925,45.81206894,3.430315575,0.633305567,NA,156142,NA,NA,50.2,72.909729,NA,NA,2.741483436,4.390897448,4525698,57.88484573,3.30329728,NA,5.75993059,1743.302901,33.262,NA,NA,NA,NA,9
Mauritius,MUS,Africa,74.23585366,100,3.759014145,3.725567586,100,1209,NA,NA,14.3,98.51373291,NA,7.905684357,0.032240043,623.5029557,1265711,685.9456177,6.19943714,6.329999924,3.012375903,11097.16898,10.2,NA,1000,NA,NA,11
Mexico,MEX,North America,75.054,100,0.938081566,-0.157533767,500,106131,NA,NA,12.2,102.465538,NA,4.123629839,1.091366887,65.62696006,127575529,540.3723145,5.43305254,3.480000019,-0.176599456,9950.45008,17.297,NA,18000,42.93896105,NA,14
"Micronesia, Fed. Sts.",FSM,Australia/Oceania,67.883,82.11694336,NA,NA,NA,1474,NA,NA,21.5,88.45343018,NA,14.3056608,1.034228542,162.5871429,113811,415.1982727,11.4420805,NA,1.174799228,3585.392449,22.712,NA,NA,NA,NA,8
Moldova,MDA,Europe,71.901,100,4.192750129,5.883308655,100,2578,99.41896057,20.05253983,12.7,102.2195587,NA,2.703853729,-1.609507557,92.7241551,2664974,284.3071289,6.3779459,5.099999905,3.683404261,4491.688827,9.93,NA,1000,73.74316963,NA,12
Monaco,MCO,Europe,NA,100,NA,NA,NA,NA,NA,NA,2.5,NA,NA,NA,0.734075854,19223.97632,38967,2905.84375,1.5251174,NA,6.905665492,189487.1471,NA,NA,NA,100,NA,11
Mongolia,MNG,Asia,69.87,99.12526703,10.37483156,8.494209685,NA,1948,NA,NA,13.8,107.4794998,NA,6.387440866,1.718532829,2.071058369,3225166,163.441864,3.76607823,10.02999973,5.602244219,4404.84583,23.361,NA,100,29.69125692,NA,12
Montenegro,MNE,Europe,76.884,100,4.030621156,4.063902767,NA,2,NA,NA,2.1,97.40717316,NA,4.070545269,-0.031987013,46.24743494,622028,735.1588745,8.32983208,15.13000011,4.062944992,8910.650834,11.671,NA,100,85.01321871,NA,9
Morocco,MAR,Africa,76.68,99.6,3.309184437,2.032983301,100,16064,NA,NA,16.7,97.13572693,NA,NA,1.221178705,81.72029128,36471766,174.2237701,5.30845118,NA,2.607935495,3235.00066,18.5,NA,1000,78.37037068,NA,9
Mozambique,MOZ,Africa,60.854,29.61616135,2.951374192,0.001658422,13000,143339,NA,NA,54.3,54.7286911,NA,13.23357401,2.907001146,38.61497368,30366043,39.46094131,7.83351135,NA,2.31460601,506.6416391,37.166,NA,84000,NA,NA,NA
Myanmar,MMR,Asia,67.134,68.35665131,4.824847939,4.171011329,NA,NA,63.47473907,9.346529961,36.1,NA,89.06994629,9.160834998,0.625695405,82.79143676,54045422,60.01587296,4.67856407,0.5,6.750460146,1271.111575,17.397,NA,NA,57.58362573,NA,5
Namibia,NAM,Africa,63.708,55.19511795,0.998999228,-0.872531269,500,NA,NA,NA,30.9,93.3026123,NA,9.206743655,1.870402328,3.029945706,2494524,427.2562256,8.49700546,NA,-0.88809916,5009.685904,28.152,NA,5500,NA,NA,7
Nauru,NRU,Australia/Oceania,NA,100,NA,NA,NA,NA,NA,NA,24.6,116.8776398,NA,NA,0.802168279,538.2,10764,1049.447021,9.78171635,NA,0,11029.73558,NA,NA,NA,NA,NA,14
Nepal,NPL,Asia,70.778,89.9,9.900416257,7.929714559,100,103384,NA,NA,24.5,120.4473419,NA,NA,1.809442486,199.5724799,28608715,53.24640274,4.44515085,NA,6.657055428,1194.956876,19.578,NA,1000,19.17830675,NA,9
Netherlands,NLD,Europe,82.01219512,100,1.00192112,0.342448611,NA,4492,NA,NA,3.5,NA,NA,NA,0.655071575,515.1432729,17344874,5335.30127,10.13031101,3.380000114,1.955588416,52476.27325,9.7,NA,500,99.97341085,NA,13
New Caledonia,NCL,Australia/Oceania,77.63414634,100,NA,NA,NA,NA,NA,NA,NA,NA,NA,NA,0.239874642,14.84135667,271300,NA,NA,NA,NA,34788.52928,14,NA,NA,96.41111524,NA,0
New Zealand,NZL,Australia/Oceania,81.70731707,100,1.932184724,0.321102255,NA,0,NA,NA,4.1,NA,NA,NA,1.593167231,18.91040978,4979300,4211.046387,9.74117661,4.110000134,1.633932613,42755.21626,11.96,NA,200,99.99999745,NA,10
Nicaragua,NIC,North America,74.485,88.21266937,-1.97675357,-3.174821578,100,NA,NA,NA,14.3,NA,NA,6.582747089,1.229759088,54.39174838,6545503,160.7587891,8.4039259,NA,-3.674794578,1926.699694,20.215,NA,1000,55.44343691,NA,7
Niger,NER,Africa,62.42,18.77472496,7.140236766,3.15126818,500,1647273,NA,NA,46.7,62.26213837,NA,NA,3.794206636,18.40271493,23310719,31.39763641,5.6686306,NA,5.941396863,554.0993893,45.637,NA,1000,NA,NA,NA
Nigeria,NGA,Africa,54.687,55.4,-0.429516657,-2.950898725,20000,NA,NA,NA,74,NA,NA,4.522188497,2.564871955,220.6524183,200963603,71.46572876,3.02666044,10.69999981,2.208429277,2229.858652,37.446,NA,67000,21.31806305,NA,9
North Macedonia,MKD,Europe,75.797,100,3.105359406,3.08167693,NA,NA,NA,NA,6,NA,NA,4.700387849,0.022971838,82.34314036,2076694,436.8871765,7.25409985,17.26000023,3.910419538,6070.388054,10.653,NA,NA,76.78238252,NA,13
Northern Mariana Islands,MNP,Australia/Oceania,NA,100,NA,NA,NA,NA,NA,NA,NA,NA,NA,NA,0.567914446,124.376087,57213,NA,NA,NA,-11.14258735,20659.64029,NA,NA,NA,90.63917526,NA,NA
Norway,NOR,Europe,82.90731707,100,-2.208824314,-2.866751563,NA,40,99.71437836,29.28993034,1.9,100.5062485,NA,3.726040551,0.675061373,14.64744184,5347896,8007.397949,10.52134705,3.690000057,0.745798219,75719.7529,10.2,NA,100,98.71807127,NA,10
Oman,OMN,Asia,77.861,100,-4.527278423,-7.319807246,NA,7923,NA,NA,9.5,100.9126282,NA,8.300275751,2.96857894,16.07428756,4974992,624.7444458,4.07190228,NA,-1.129206457,17700.70349,18.513,NA,NA,90.26776386,NA,10
Pakistan,PAK,Asia,67.273,73.91436005,1.112489498,-0.912432153,1900,NA,49.55467987,NA,55.7,72.92545319,57.99885941,3.175549367,2.02296716,280.9325926,216565317,39.49928665,3.37992716,4.829999924,1.144749605,1288.556325,27.841,NA,21000,35.76400171,NA,12
Palau,PLW,Australia/Oceania,NA,100,NA,NA,NA,NA,NA,NA,16.2,NA,NA,NA,0.501226267,39.1326087,18001,2355.695801,15.15048885,NA,-1.896243292,15232.48708,11.2,NA,NA,91.1775412,NA,12
Panama,PAN,North America,78.506,95.83455658,2.204170225,0.529697365,NA,NA,87.49649811,19.62981987,12.8,NA,95.73607635,6.897662744,1.651930147,57.24739475,4246440,1192.820801,7.58405781,6.409999847,2.979715461,15774.25494,18.705,NA,1700,NA,4.6,11
Papua New Guinea,PNG,Australia/Oceania,64.501,63.46451187,NA,NA,NA,NA,NA,NA,36.2,NA,NA,7.506807367,1.953700073,19.37932032,8776119,65.08071899,2.30036092,NA,4.480430608,2820.306397,26.793,NA,2700,NA,NA,NA
Paraguay,PRY,South America,74.254,100,-0.594785833,-1.844575895,100,NA,76.33424377,13.99211025,16.7,NA,93.21353149,12.10769968,1.265238609,17.73128366,7044639,388.3932495,7.17281008,6.590000153,-0.401855101,5380.963322,20.341,NA,1000,64.01892537,4.5,13
Peru,PER,South America,76.736,98.34660339,5.02253932,3.338852622,200,NA,NA,NA,10.3,98.7053299,NA,12.15923413,1.616156746,25.39879844,32510462,370.1099548,5.21506882,3.380000114,2.203974749,7027.612207,17.756,NA,4200,50.9881507,7.5,14
Philippines,PHL,Asia,71.231,95.62862396,4.031487728,2.621622659,200,406435,82.39414215,24.41179085,21.5,105.7552567,96.27816772,6.354461591,1.364496223,362.6006037,108116622,142.0787659,4.07676649,2.24000001,6.118525663,3485.340844,20.166,NA,15000,47.23155012,NA,13
Poland,POL,Europe,77.85609756,100,5.413195809,5.438948348,NA,27189,NA,NA,3.8,95.02263641,NA,NA,-0.024427107,124.0012901,37965475,1014.038208,6.44682503,3.279999971,4.744950156,15732.20313,9.9,NA,NA,98.32518385,NA,10
Portugal,PRT,Europe,80.68292683,100,2.661636933,2.63727463,100,2037,92.83149719,20.72377014,2.8,100.1251907,NA,NA,0.023733495,112.2885828,10286263,2221.439209,9.53145981,6.460000038,2.682759921,23330.81729,8.4,NA,1000,95.36104918,NA,12
Puerto Rico,PRI,North America,79.9285122,100,NA,NA,NA,NA,NA,NA,NA,NA,NA,NA,0.010646546,360.0556933,3193694,NA,NA,8.300000191,1.484814635,32850.54861,6.4,NA,NA,99.86333333,NA,13
Qatar,QAT,Asia,80.227,100,-4.310382341,-6.012918805,NA,2949,NA,NA,5.3,95.02079773,NA,9.937804825,1.795246543,246.4813751,2832071,1807.153931,2.9106288,0.100000001,0.68824096,62276.42869,9.385,NA,100,96.18278647,NA,9
Romania,ROU,Europe,75.45853659,100,10.24721397,10.82954519,NA,135003,98.7381134,NA,5.8,85.28923035,NA,0.342831387,-0.526814822,84.19527121,19371648,738.5581665,5.74447823,3.910000086,4.188260341,12899.34611,9.6,NA,1000,81.95769921,NA,10
Russian Federation,RUS,Europe,73.08390244,100,0.652893089,0.698101786,NA,4876,NA,NA,4.7,105.225853,NA,5.499543995,-0.049568665,8.817695994,144406261,653.4172363,5.64849138,4.5,2.032982739,11497.64925,9.8,NA,NA,76.00770611,NA,11
Rwanda,RWA,Africa,69.024,37.78243637,10.43305456,7.590930892,570,121348,NA,NA,31.1,97.40032959,NA,13.68419532,2.607313746,511.8337252,12626938,51.39912415,6.41066742,15.30000019,9.460682482,820.1492886,31.249,NA,3700,12.05465989,NA,6
Samoa,WSM,Australia/Oceania,73.321,99.2,NA,NA,NA,NA,NA,NA,15,108.8711395,NA,7.440282624,0.490819126,69.64416961,197093,271.9157715,6.36309385,NA,4.379825545,4322.868457,24.1,NA,NA,46.23012163,NA,8
San Marino,SMR,Europe,NA,100,NA,NA,NA,62,NA,NA,1.6,102.8901672,NA,1.410812784,0.236518559,564.4,33864,3050.918213,6.39008522,5.800000191,2.374701565,47731.20854,6.7,NA,NA,100,NA,10
Sao Tome and Principe,STP,Africa,70.385,75.18190765,NA,NA,NA,NA,NA,NA,13.5,NA,NA,11.29555119,1.885147828,224.0083333,215048,108.4464035,5.52976227,NA,2.210855833,1987.579702,31.152,NA,NA,35.82833827,NA,6
Saudi Arabia,SAU,Asia,75.133,100,2.695507784,1.000009187,100,NA,NA,NA,6.3,96.22881317,NA,NA,1.664776702,15.94114919,34268529,1316.260254,5.68828773,5.639999866,0.331435729,23139.79798,17.297,NA,1000,NA,NA,9
Senegal,SEN,Africa,67.941,70.4,6.667986251,3.774622486,500,681296,NA,NA,29.8,61.20201111,NA,NA,2.749962203,84.64323482,16296362,59.09758377,4.13226938,2.859999895,4.402406836,1430.148259,33.952,NA,1000,NA,NA,11
Serbia,SRB,Europe,75.68536585,99.8,4.56405736,5.126666726,NA,4887,98.52577972,15.51527023,4.9,98.6684494,99.48252869,NA,-0.536610018,79.41041619,6945235,641.0250244,8.67206478,10.39000034,4.331734906,7417.203649,9.3,NA,200,75.00524216,NA,8
Seychelles,SYC,Africa,73.94390244,100,NA,NA,NA,224,NA,NA,12.3,98.80000305,NA,10.4465365,0.887925293,212.2282609,97625,839.7733154,5.1902914,2.970000029,1.191005738,16213.48076,16.4,NA,NA,NA,NA,10
Sierra Leone,SLE,Africa,54.696,22.7,10.13665734,7.838156475,2000,NA,NA,NA,82.4,83.21027374,NA,9.530344854,2.10903822,108.2461485,7813207,46.15795517,8.74976635,NA,5.254241203,521.7548367,32.879,NA,3300,10.26151385,NA,9
Singapore,SGP,Asia,83.49756098,100,NA,NA,NA,236,88.50759888,32.36965179,2,98.07794952,97.47958374,5.911090758,1.144283307,8044.526093,5703569,2632.713867,4.08152914,3.099999905,1.345217486,65640.70795,8.8,NA,100,100,NA,6
Sint Maarten (Dutch part),SXM,North America,NA,100,NA,NA,NA,NA,NA,NA,NA,NA,NA,NA,0.194134259,1198.029412,40733,NA,NA,NA,NA,NA,NA,NA,NA,NA,NA,14
Slovak Republic,SVK,Europe,77.47073171,100,1.562181121,1.424831935,NA,7558,99.75653839,22.85791969,4.8,95.22947693,NA,NA,0.135328073,113.4389975,5454147,1342.074829,6.9586463,5.75,2.605369328,19303.54566,10.5,NA,NA,99.18613208,NA,10
Slovenia,SVN,Europe,81.2804878,100,3.839159995,3.118635156,NA,140,99.80072784,21.50909996,1.8,98.55384064,NA,NA,0.696304046,103.7119346,2088385,2219.100586,8.52386475,4.449999809,3.250531336,25942.95477,9.3,NA,100,98.27432091,NA,9
Solomon Islands,SLB,Australia/Oceania,72.996,70.25849152,9.731759952,6.952511007,NA,6828,NA,NA,17.1,85.69419861,NA,9.21430018,2.565392823,23.93072526,669821,111.9044876,4.77362394,NA,1.204049986,2344.048976,31.956,NA,NA,NA,NA,NA
Somalia,SOM,Africa,57.397,36.0331955,NA,NA,200,NA,NA,NA,74.8,NA,NA,NA,2.855135517,24.61648548,15442906,NA,NA,21.36000061,8.081440022,419.3948077,41.585,NA,200,NA,NA,NA
South Africa,ZAF,Africa,64.131,85,0.417110739,-0.896010452,11000,843053,86.27852631,8.017760277,26.3,91.99948883,95.02297211,5.38333104,1.31629201,48.27198889,58558267,546.6884155,9.10935497,28.46999931,0.113053697,6624.761865,20.129,NA,210000,NA,NA,9
South Sudan,SSD,Africa,57.846,6.720535278,NA,NA,2900,NA,NA,NA,63.3,NA,NA,-25.09795733,0.782197031,17.50533581,11062114,22.63818741,6.04213858,NA,NA,NA,34.653,NA,13000,NA,NA,8
Spain,ESP,Europe,83.48536585,100,1.593673593,0.869946566,NA,83083,NA,NA,2.7,97.44148254,NA,NA,0.714923608,94.34185906,47133521,2711.192871,9.13213158,14.10000038,2.085191421,29555.3157,7.6,NA,3400,99.58464321,NA,10
Sri Lanka,LKA,Asia,76.978,100,-0.180189303,-0.789097932,NA,NA,NA,4.518799782,6.2,99.2629776,92.25296021,8.281983428,0.611875946,352.4343722,21803000,160.6969605,4.07979679,4.670000076,2.255176529,3852.265603,15.544,NA,200,NA,NA,11
St. Kitts and Nevis,KNA,North America,NA,100,NA,NA,NA,NA,NA,NA,12.9,NA,NA,5.306574402,0.752340352,203.2076923,52834,1087.801025,5.39632845,NA,4.799999522,22046.68991,NA,NA,NA,NA,NA,12
St. Lucia,LCA,North America,76.203,99.54777527,NA,NA,NA,260,NA,NA,21.6,99.77935028,NA,4.926970955,0.49631976,299.6639344,182795,502.1817017,4.32460737,15.31999969,-0.063943687,11591.08048,11.839,NA,NA,NA,NA,10
St. Martin (French part),MAF,North America,79.97317073,100,NA,NA,NA,NA,NA,NA,NA,NA,NA,NA,1.961107678,760.04,38002,NA,NA,NA,NA,NA,14.5,NA,NA,96.69929543,NA,NA
St. Vincent and the Grenadines,VCT,North America,72.534,100,NA,NA,NA,NA,NA,NA,13.4,104.9141464,NA,7.11580332,0.346915924,283.5717949,110593,354.8086548,4.75291252,NA,0.534023343,7460.153362,14.087,NA,NA,NA,NA,12
Sudan,SDN,Africa,65.311,53.82707214,3.445401283,1.00091829,660,NA,NA,NA,41,NA,NA,NA,2.39143409,23.15187997,42813237,46.92884064,4.57356596,NA,-2.178251045,610.9278615,31.826,NA,2900,NA,NA,8
Suriname,SUR,South America,71.682,97.88735199,NA,NA,100,7676,NA,NA,16.2,85.86408234,NA,10.09508343,0.929025561,3.726685897,581363,619.2471314,9.7369957,NA,1.098467778,6853.693411,18.295,NA,200,55.53425058,NA,6
Sweden,SWE,Europe,82.95853659,100,2.354309506,1.321962489,NA,880,100,25.07958984,2.2,105.0860825,NA,NA,1.013722263,25.23602907,10278887,5671.385742,10.86749268,6.829999924,1.986195874,51939.42974,11.1,NA,NA,99.75147263,NA,10
Switzerland,CHE,Europe,83.70487805,100,3.615777639,2.879301948,NA,418,NA,NA,3.6,96.36173248,NA,2.741566799,0.713313668,217.0076296,8575280,9666.337891,11.29148102,4.389999866,1.210992207,85334.51946,10,NA,NA,94.24815119,NA,11
Syrian Arab Republic,SYR,Asia,72.697,89.32488251,NA,NA,NA,NA,NA,NA,18.4,NA,NA,NA,0.735380569,92.95938572,17070132,NA,NA,NA,3.747775387,1334.370593,23.22,NA,100,NA,NA,9
Tajikistan,TJK,Asia,71.097,99.63539124,NA,NA,500,NA,NA,NA,29.2,NA,NA,19.18895929,2.390490051,67.15918294,9321023,61.87225342,7.10529375,NA,7.399999638,890.5444024,30.038,NA,1000,55.21331003,NA,9
Tanzania,TZA,Africa,65.456,37.7,5.667936574,2.591118479,12000,1712650,NA,NA,35.8,65.74707031,NA,14.15692325,2.960386246,65.48369948,58005461,40.34330368,3.82769322,NA,5.799999977,1085.88486,36.336,NA,60000,NA,NA,7
Thailand,THA,Asia,77.15,99.9,NA,NA,100,NA,71.21427155,15.62792969,7.7,94.41137695,NA,3.108527884,0.283525943,136.28292,69625581,296.1651001,3.78912091,0.720000029,2.266433672,7817.009671,10.168,NA,7100,NA,0.3,9
Timor-Leste,TLS,Asia,69.495,94.71617889,50.17189611,47.25177088,NA,9004,NA,NA,37.7,105.1983414,NA,6.651569174,1.963676318,86.96166779,1293120,92.67004395,7.15850592,NA,19.53581024,1583.713576,29.284,NA,200,NA,NA,9
Togo,TGO,Africa,61.042,52.44109726,9.43313621,6.816389585,1100,40071,NA,NA,45.5,87.42386627,66.53707886,NA,2.420235924,148.6000919,8082359,51.1550293,5.72606897,NA,5.459921448,893.3524541,32.707,NA,2600,19.39492906,NA,10
Tonga,TON,Australia/Oceania,70.907,98.4,4.813916819,3.511980266,NA,52,NA,NA,10,NA,NA,0.374501808,1.249919978,145.1347222,104497,242.3727722,4.98149967,NA,0.734030017,4903.012138,24.01,NA,NA,29.49096966,NA,15
Trinidad and Tobago,TTO,North America,73.507,100,NA,NA,NA,NA,NA,NA,15.4,NA,NA,10.34948206,0.368284069,271.9237817,1394969,1167.933105,7.02007389,NA,-1.246427336,16637.16294,12.578,NA,100,NA,NA,7
Tunisia,TUN,Africa,76.699,100,NA,NA,100,NA,NA,NA,14.5,NA,NA,NA,1.113669491,75.27498069,11694721,233.0593109,6.95845938,15.13000011,1.401976676,3574.654024,17.089,NA,500,79.06204325,NA,9
Turkey,TUR,Asia,77.691,100,NA,NA,NA,259524,91.03515625,NA,8.6,90.84677124,96.74221039,NA,1.3145137,108.4022283,83429607,396.4668274,4.34409809,13.67000008,0.889585161,9121.515167,15.782,NA,NA,NA,2.2,12
Turkmenistan,TKM,Asia,68.191,99.9,NA,NA,NA,NA,NA,NA,36.6,NA,NA,NA,1.546575911,12.64463644,5942094,500.0064392,6.56862497,NA,6.3,7612.03518,23.066,NA,NA,94.81207265,NA,12
Turks and Caicos Islands,TCA,North America,NA,100,NA,NA,NA,NA,NA,NA,NA,NA,NA,NA,1.389405565,40.20421053,38194,NA,NA,NA,5.324557297,31350.86663,NA,NA,NA,NA,NA,13
Tuvalu,TUV,Australia/Oceania,NA,100,NA,NA,NA,297,NA,NA,19.3,76.89243317,NA,NA,1.2953549,388.5,11655,972.6124268,23.96181297,NA,9.756097561,4055.89561,NA,NA,NA,NA,NA,8
Uganda,UGA,Africa,63.368,41.3,9.761195967,5.941572367,6500,NA,NA,NA,33,NA,NA,NA,3.541932206,220.7739228,44269587,32.40844345,3.82522416,NA,6.438745034,798.5857341,37.377,NA,39000,15.71783754,NA,7
Ukraine,UKR,Europe,71.82731707,100,3.667003927,4.26391083,200,NA,NA,NA,7.2,NA,NA,10.69365877,-0.53099416,76.60718502,44386203,248.1334839,7.09860182,8.18999958,3.199503862,3661.456204,8.1,NA,9000,88.95686539,0.2,11
United Arab Emirates,ARE,Asia,77.972,100,1.19889032,-0.246611911,NA,1054,92.99653625,46.63145828,5.8,111.9388199,97.55692291,NA,1.438677058,137.5742889,9770526,1842.694458,4.27504921,2.329999924,3.411538686,42701.44305,10.223,NA,100,NA,NA,12
United Kingdom,GBR,Europe,81.20487805,100,NA,NA,NA,55523,NA,NA,3.7,101.5946884,NA,NA,0.564131113,276.2630802,66836327,4312.88916,10.15402699,3.74000001,1.671944197,43070.49836,10.7,NA,NA,99.82247563,NA,11
United States,USA,North America,78.78780488,100,2.384736913,1.919555959,NA,224977,NA,NA,5.5,100.4890518,NA,3.436010469,0.455381286,35.89317567,328329953,10921.0127,16.76706314,3.670000076,2.161176515,65279.52903,11.4,NA,29000,97.14624349,NA,12
Uruguay,URY,South America,77.911,99.9,1.36462242,1.000331472,100,1584,91.31797791,11.84127998,5.8,NA,98.7703476,2.795922578,0.360034022,19.77905954,3461731,1660.952881,9.34783173,8.880000114,0.350447153,17688.01501,13.74,NA,1000,NA,0.5,14
Uzbekistan,UZB,Asia,71.725,100,NA,NA,100,15291,NA,16.4321003,13.3,105.6226883,99.99994659,4.830856667,1.876470167,76.22283256,33580350,98.57316589,5.61760426,8.979999542,5.709632222,1784.009816,24.3,NA,2800,58.83942148,NA,12
Vanuatu,VUT,Australia/Oceania,70.474,64.66623688,-0.245355438,-2.642737486,NA,1980,NA,NA,21.6,89.78401947,NA,-0.384280556,2.432628558,24.60065628,299882,104.2496109,3.36034679,7.940000057,3.912534737,3116.297759,29.175,NA,NA,NA,NA,NA
"Venezuela, RB",VEN,South America,72.064,100,NA,NA,500,NA,NA,NA,21.1,NA,NA,NA,-1.293638058,32.32903917,28515829,338.8253784,5.36708355,NA,NA,NA,17.566,NA,2200,NA,NA,17
Vietnam,VNM,Asia,75.4,99.4,7.059741125,6.04294109,500,NA,88.63423157,10.24790001,16.9,NA,95.7538681,5.814896245,0.954289022,311.0978424,96462108,180.7181854,5.24965572,2.039999962,7.017434882,2715.27598,16.454,NA,5900,NA,NA,10
Virgin Islands (U.S.),VIR,North America,79.66829268,100,NA,NA,NA,NA,NA,NA,NA,NA,NA,NA,-0.310759833,304.7685714,106669,NA,NA,NA,2.213541667,38136.66576,12.3,NA,NA,97.93599355,NA,NA
West Bank and Gaza,PSE,Asia,74.053,100,NA,NA,NA,17559,NA,NA,14.6,96.32247925,97.37825775,2.005298077,2.511782463,778.2900332,4685306,NA,NA,25.34000015,1.362687466,3656.858271,28.717,NA,NA,79.37424752,NA,10
"Yemen, Rep.",YEM,Asia,66.125,72.75170135,NA,NA,100,NA,NA,NA,46.4,NA,NA,NA,2.30059415,55.23405118,29161922,NA,NA,NA,NA,NA,29.873,NA,1000,NA,NA,9
Zambia,ZMB,Africa,63.886,43,NA,NA,8800,NA,NA,NA,42.9,NA,NA,2.469674325,2.893017737,24.02646525,17861034,69.32437897,5.31220293,12.52000046,1.441306026,1305.001031,35.776,NA,61000,NA,NA,7
Zimbabwe,ZWE,Africa,61.49,41.08910751,NA,NA,4700,434723,NA,NA,38.1,88.50881195,NA,-78.51788703,1.421141886,37.85827323,14645473,103.0282722,7.70356494,16.86000061,-6.144236314,1316.740657,29.747,NA,24000,29.67356894,63.8,7
